1,aaa,jenny@gmail.com,1,2023-01-06 11:07:48
1,kkk,kkk@kk.com,2,2023-01-06 11:31:13
1,kkk,kkk@kk.com,2,2023-01-06 11:31:22
4,wee,wwww@kjdkljd.com,1,2023-01-06 12:02:39
4,wee,wwww@kjdkljd.com,1,2023-01-06 12:06:48
1,jkl,fsdkljfksl@fjk.com,1,2023-01-06 12:12:06
1,gujh,jjkjlk@hghjs.com,1,2023-01-06 14:30:06
1,ewq,weqwqwe@hdh.com,1,2023-01-06 14:31:20
1,ew,ewew@hdjsd.com,1,2023-01-06 14:37:06
2,ees,fsdkljfksl@fjk.com,1,2023-01-06 14:38:10
2,uiou,hui@jdh.com,1,2023-01-06 14:41:50
4,vhgfjggjhg,vhjjg@ghjghj.com,3,2023-01-07 00:42:42
